{"swagger": "2.0", "info": {"title": "API Documentation", "description": "Documentation de l'API avec Swagger pour le projet Django REST", "termsOfService": "https://www.example.com/terms/", "contact": {"email": "support@example.com"}, "license": {"name": "Licence MIT"}, "version": "v1"}, "host": "localhost:8000", "schemes": ["http"], "basePath": "/", "consumes": ["application/json"], "produces": ["application/json"], "securityDefinitions": {"Basic": {"type": "basic"}}, "security": [{"Basic": []}], "paths": {"/commandes/": {"get": {"operationId": "commandes_list", "description": "", "parameters": [], "responses": {"200": {"description": ""}}, "tags": ["commandes"]}, "post": {"operationId": "commandes_create", "description": "", "parameters": [], "responses": {"201": {"description": ""}}, "tags": ["commandes"]}, "parameters": []}, "/fetch-payments/": {"get": {"operationId": "fetch-payments_list", "description": "", "parameters": [], "responses": {"200": {"description": ""}}, "tags": ["fetch-payments"]}, "post": {"operationId": "fetch-payments_create", "description": "", "parameters": [], "responses": {"201": {"description": ""}}, "tags": ["fetch-payments"]}, "parameters": []}, "/liv-effectuer/": {"get": {"operationId": "liv-effectuer_list", "description": "", "parameters": [], "responses": {"200": {"description": "", "schema": {"type": "array", "items": {"$ref": "#/definitions/LivEffectuer"}}}}, "tags": ["liv-effectuer"]}, "post": {"operationId": "liv-effectuer_create", "description": "", "parameters": [{"name": "data", "in": "body", "required": true, "schema": {"$ref": "#/definitions/LivEffectuer"}}], "responses": {"201": {"description": "", "schema": {"$ref": "#/definitions/LivEffectuer"}}}, "tags": ["liv-effectuer"]}, "parameters": []}, "/liv-effectuer/{id}/": {"get": {"operationId": "liv-effectuer_read", "description": "", "parameters": [], "responses": {"200": {"description": "", "schema": {"$ref": "#/definitions/LivEffectuer"}}}, "tags": ["liv-effectuer"]}, "put": {"operationId": "liv-effectuer_update", "description": "", "parameters": [{"name": "data", "in": "body", "required": true, "schema": {"$ref": "#/definitions/LivEffectuer"}}], "responses": {"200": {"description": "", "schema": {"$ref": "#/definitions/LivEffectuer"}}}, "tags": ["liv-effectuer"]}, "patch": {"operationId": "liv-effectuer_partial_update", "description": "", "parameters": [{"name": "data", "in": "body", "required": true, "schema": {"$ref": "#/definitions/LivEffectuer"}}], "responses": {"200": {"description": "", "schema": {"$ref": "#/definitions/LivEffectuer"}}}, "tags": ["liv-effectuer"]}, "delete": {"operationId": "liv-effectuer_delete", "description": "", "parameters": [], "responses": {"204": {"description": ""}}, "tags": ["liv-effectuer"]}, "parameters": [{"name": "id", "in": "path", "description": "A unique integer value identifying this liv effectuer.", "required": true, "type": "integer"}]}, "/livraisons/": {"get": {"operationId": "livraisons_list", "description": "", "parameters": [], "responses": {"200": {"description": "", "schema": {"type": "array", "items": {"$ref": "#/definitions/Livraison"}}}}, "tags": ["livraisons"]}, "post": {"operationId": "livraisons_create", "description": "", "parameters": [{"name": "data", "in": "body", "required": true, "schema": {"$ref": "#/definitions/Livraison"}}], "responses": {"201": {"description": "", "schema": {"$ref": "#/definitions/Livraison"}}}, "tags": ["livraisons"]}, "parameters": []}, "/livraisons/{id}/": {"get": {"operationId": "livraisons_read", "description": "", "parameters": [], "responses": {"200": {"description": "", "schema": {"$ref": "#/definitions/Livraison"}}}, "tags": ["livraisons"]}, "put": {"operationId": "livraisons_update", "description": "", "parameters": [{"name": "data", "in": "body", "required": true, "schema": {"$ref": "#/definitions/Livraison"}}], "responses": {"200": {"description": "", "schema": {"$ref": "#/definitions/Livraison"}}}, "tags": ["livraisons"]}, "patch": {"operationId": "livraisons_partial_update", "description": "", "parameters": [{"name": "data", "in": "body", "required": true, "schema": {"$ref": "#/definitions/Livraison"}}], "responses": {"200": {"description": "", "schema": {"$ref": "#/definitions/Livraison"}}}, "tags": ["livraisons"]}, "delete": {"operationId": "livraisons_delete", "description": "", "parameters": [], "responses": {"204": {"description": ""}}, "tags": ["livraisons"]}, "parameters": [{"name": "id", "in": "path", "description": "A unique integer value identifying this livraison.", "required": true, "type": "integer"}]}, "/livraisons_effectuees/": {"get": {"operationId": "livraisons_effectuees_list", "description": "", "parameters": [], "responses": {"200": {"description": "", "schema": {"type": "array", "items": {"$ref": "#/definitions/LivraisonEffectuee"}}}}, "tags": ["livraisons_effectuees"]}, "post": {"operationId": "livraisons_effectuees_create", "description": "", "parameters": [{"name": "data", "in": "body", "required": true, "schema": {"$ref": "#/definitions/LivraisonEffectuee"}}], "responses": {"201": {"description": "", "schema": {"$ref": "#/definitions/LivraisonEffectuee"}}}, "tags": ["livraisons_effectuees"]}, "parameters": []}, "/livraisons_effectuees/{id}/": {"get": {"operationId": "livraisons_effectuees_read", "description": "", "parameters": [], "responses": {"200": {"description": "", "schema": {"$ref": "#/definitions/LivraisonEffectuee"}}}, "tags": ["livraisons_effectuees"]}, "put": {"operationId": "livraisons_effectuees_update", "description": "", "parameters": [{"name": "data", "in": "body", "required": true, "schema": {"$ref": "#/definitions/LivraisonEffectuee"}}], "responses": {"200": {"description": "", "schema": {"$ref": "#/definitions/LivraisonEffectuee"}}}, "tags": ["livraisons_effectuees"]}, "patch": {"operationId": "livraisons_effectuees_partial_update", "description": "", "parameters": [{"name": "data", "in": "body", "required": true, "schema": {"$ref": "#/definitions/LivraisonEffectuee"}}], "responses": {"200": {"description": "", "schema": {"$ref": "#/definitions/LivraisonEffectuee"}}}, "tags": ["livraisons_effectuees"]}, "delete": {"operationId": "livraisons_effectuees_delete", "description": "", "parameters": [], "responses": {"204": {"description": ""}}, "tags": ["livraisons_effectuees"]}, "parameters": [{"name": "id", "in": "path", "description": "A unique integer value identifying this livraison effectuee.", "required": true, "type": "integer"}]}, "/livreurs/": {"get": {"operationId": "livreurs_list", "description": "", "parameters": [], "responses": {"200": {"description": "", "schema": {"type": "array", "items": {"$ref": "#/definitions/Livreur"}}}}, "tags": ["livreurs"]}, "post": {"operationId": "livreurs_create", "description": "", "parameters": [{"name": "data", "in": "body", "required": true, "schema": {"$ref": "#/definitions/Livreur"}}], "responses": {"201": {"description": "", "schema": {"$ref": "#/definitions/Livreur"}}}, "tags": ["livreurs"]}, "parameters": []}, "/livreurs/{id}/": {"get": {"operationId": "livreurs_read", "description": "", "parameters": [], "responses": {"200": {"description": "", "schema": {"$ref": "#/definitions/Livreur"}}}, "tags": ["livreurs"]}, "put": {"operationId": "livreurs_update", "description": "", "parameters": [{"name": "data", "in": "body", "required": true, "schema": {"$ref": "#/definitions/Livreur"}}], "responses": {"200": {"description": "", "schema": {"$ref": "#/definitions/Livreur"}}}, "tags": ["livreurs"]}, "patch": {"operationId": "livreurs_partial_update", "description": "", "parameters": [{"name": "data", "in": "body", "required": true, "schema": {"$ref": "#/definitions/Livreur"}}], "responses": {"200": {"description": "", "schema": {"$ref": "#/definitions/Livreur"}}}, "tags": ["livreurs"]}, "delete": {"operationId": "livreurs_delete", "description": "", "parameters": [], "responses": {"204": {"description": ""}}, "tags": ["livreurs"]}, "parameters": [{"name": "id", "in": "path", "description": "A unique integer value identifying this livreur.", "required": true, "type": "integer"}]}, "/primes/": {"get": {"operationId": "primes_list", "description": "", "parameters": [], "responses": {"200": {"description": "", "schema": {"type": "array", "items": {"$ref": "#/definitions/Prime"}}}}, "tags": ["primes"]}, "post": {"operationId": "primes_create", "description": "", "parameters": [{"name": "data", "in": "body", "required": true, "schema": {"$ref": "#/definitions/Prime"}}], "responses": {"201": {"description": "", "schema": {"$ref": "#/definitions/Prime"}}}, "tags": ["primes"]}, "parameters": []}, "/primes/{id}/": {"get": {"operationId": "primes_read", "description": "", "parameters": [], "responses": {"200": {"description": "", "schema": {"$ref": "#/definitions/Prime"}}}, "tags": ["primes"]}, "put": {"operationId": "primes_update", "description": "", "parameters": [{"name": "data", "in": "body", "required": true, "schema": {"$ref": "#/definitions/Prime"}}], "responses": {"200": {"description": "", "schema": {"$ref": "#/definitions/Prime"}}}, "tags": ["primes"]}, "patch": {"operationId": "primes_partial_update", "description": "", "parameters": [{"name": "data", "in": "body", "required": true, "schema": {"$ref": "#/definitions/Prime"}}], "responses": {"200": {"description": "", "schema": {"$ref": "#/definitions/Prime"}}}, "tags": ["primes"]}, "delete": {"operationId": "primes_delete", "description": "", "parameters": [], "responses": {"204": {"description": ""}}, "tags": ["primes"]}, "parameters": [{"name": "id", "in": "path", "description": "A unique integer value identifying this prime.", "required": true, "type": "integer"}]}, "/utilisateurs/": {"get": {"operationId": "utilisateurs_list", "description": "Récupérer les données locales de la table Utilisateur.", "parameters": [], "responses": {"200": {"description": ""}}, "tags": ["utilisateurs"]}, "post": {"operationId": "utilisateurs_create", "description": "Envoyer les données locales de la table Utilisateur à un autre microservice.", "parameters": [], "responses": {"201": {"description": ""}}, "tags": ["utilisateurs"]}, "parameters": []}}, "definitions": {"LivEffectuer": {"required": ["customer_id", "order_id", "amount", "date_paiement", "heure_livraison"], "type": "object", "properties": {"id": {"title": "ID", "type": "integer", "readOnly": true}, "customer_id": {"title": "Customer id", "type": "integer", "maximum": 9223372036854775807, "minimum": -9223372036854775808}, "order_id": {"title": "Order id", "type": "integer", "maximum": 9223372036854775807, "minimum": -9223372036854775808}, "amount": {"title": "Amount", "type": "integer", "maximum": 9223372036854775807, "minimum": -9223372036854775808}, "payment_state": {"title": "Payment state", "type": "string", "enum": ["ACCEPTED"]}, "payment_method": {"title": "Payment method", "type": "string", "enum": ["ON_DELIVERY"]}, "date_paiement": {"title": "Date paiement", "type": "string", "format": "date"}, "heure_livraison": {"title": "Heure livraison", "type": "string"}}}, "Livraison": {"required": ["liste_produit", "destination", "cout", "id_client", "date", "livreur"], "type": "object", "properties": {"id": {"title": "ID", "type": "integer", "readOnly": true}, "liste_produit": {"title": "Liste produit", "type": "string", "minLength": 1}, "destination": {"title": "Destination", "type": "string", "maxLength": 255, "minLength": 1}, "cout": {"title": "Cout", "type": "string", "format": "decimal"}, "id_client": {"title": "Id client", "type": "string", "maxLength": 50, "minLength": 1}, "date": {"title": "Date", "type": "string", "format": "date"}, "livreur": {"title": "Livreur", "type": "integer"}}}, "LivraisonEffectuee": {"required": ["mois", "nbre_livraisons", "livreur"], "type": "object", "properties": {"id": {"title": "ID", "type": "integer", "readOnly": true}, "mois": {"title": "Mois", "type": "string", "format": "date"}, "nbre_livraisons": {"title": "Nbre livraisons", "type": "integer", "maximum": 9223372036854775807, "minimum": 0}, "livreur": {"title": "Livreur", "type": "integer"}}}, "Livreur": {"required": ["matricule", "nom", "prenom", "mpd"], "type": "object", "properties": {"id": {"title": "ID", "type": "integer", "readOnly": true}, "matricule": {"title": "Matricule", "type": "string", "maxLength": 10, "minLength": 1}, "nom": {"title": "Nom", "type": "string", "maxLength": 100, "minLength": 1}, "prenom": {"title": "Prenom", "type": "string", "maxLength": 100, "minLength": 1}, "salaire": {"title": "Salaire", "type": "string", "format": "decimal"}, "mpd": {"title": "Mpd", "type": "string", "maxLength": 100, "minLength": 1}, "image": {"title": "Image", "type": "string", "readOnly": true, "x-nullable": true, "format": "uri"}}}, "Prime": {"required": ["mois", "livreur"], "type": "object", "properties": {"id": {"title": "ID", "type": "integer", "readOnly": true}, "mois": {"title": "Mois", "type": "string", "format": "date"}, "montant": {"title": "Montant", "type": "string", "format": "decimal"}, "livreur": {"title": "Livreur", "type": "integer"}}}}}